Ref,Val,Package,PosX,PosY,Rot,Side
"C1","10uF","C_0603_1608Metric",49.080000,-38.539000,90.000000,top
"C2","10uF","C_0603_1608Metric",56.827000,-38.539000,270.000000,top
"C3","100uF","CP_Elec_6.3x5.4",63.126200,-38.793000,0.000000,top
"L1","4.7uH","L_0603_1608Metric",54.922000,-38.539000,90.000000,top
"R1","10K","R_0603_1608Metric",48.749800,-33.255800,90.000000,top
"R2","10K","R_0603_1608Metric",48.775200,-29.928400,90.000000,top
"U1","SGM6603-5.0","SOT-23-6",52.128000,-38.539000,270.000000,top
"U2","TM1640","SOP-28_7.5x17.9mm_P1.27mm",59.062200,-28.836200,270.000000,top
